"","family.ID","sample.ID","paternal.ID","maternal.ID","sex","affection"
"1","HG00096","HG00096",0,0,0,-9
"2","HG00097","HG00097",0,0,0,-9
"3","HG00099","HG00099",0,0,0,-9
"4","HG00100","HG00100",0,0,0,-9
"5","HG00101","HG00101",0,0,0,-9
"6","HG00102","HG00102",0,0,0,-9
"7","HG00103","HG00103",0,0,0,-9
"8","HG00104","HG00104",0,0,0,-9
"9","HG00106","HG00106",0,0,0,-9
"10","HG00108","HG00108",0,0,0,-9
"11","HG00109","HG00109",0,0,0,-9
"12","HG00110","HG00110",0,0,0,-9
"13","HG00111","HG00111",0,0,0,-9
"14","HG00112","HG00112",0,0,0,-9
"15","HG00113","HG00113",0,0,0,-9
"16","HG00114","HG00114",0,0,0,-9
"17","HG00116","HG00116",0,0,0,-9
"18","HG00117","HG00117",0,0,0,-9
"19","HG00118","HG00118",0,0,0,-9
"20","HG00119","HG00119",0,0,0,-9
"21","HG00120","HG00120",0,0,0,-9
"22","HG00121","HG00121",0,0,0,-9
"23","HG00122","HG00122",0,0,0,-9
"24","HG00123","HG00123",0,0,0,-9
"25","HG00124","HG00124",0,0,0,-9
"26","HG00125","HG00125",0,0,0,-9
"27","HG00126","HG00126",0,0,0,-9
"28","HG00127","HG00127",0,0,0,-9
"29","HG00128","HG00128",0,0,0,-9
"30","HG00129","HG00129",0,0,0,-9
"31","HG00130","HG00130",0,0,0,-9
"32","HG00131","HG00131",0,0,0,-9
"33","HG00133","HG00133",0,0,0,-9
"34","HG00134","HG00134",0,0,0,-9
"35","HG00135","HG00135",0,0,0,-9
"36","HG00136","HG00136",0,0,0,-9
"37","HG00137","HG00137",0,0,0,-9
"38","HG00138","HG00138",0,0,0,-9
"39","HG00139","HG00139",0,0,0,-9
"40","HG00140","HG00140",0,0,0,-9
"41","HG00141","HG00141",0,0,0,-9
"42","HG00142","HG00142",0,0,0,-9
"43","HG00143","HG00143",0,0,0,-9
"44","HG00146","HG00146",0,0,0,-9
"45","HG00148","HG00148",0,0,0,-9
"46","HG00149","HG00149",0,0,0,-9
"47","HG00150","HG00150",0,0,0,-9
"48","HG00151","HG00151",0,0,0,-9
"49","HG00152","HG00152",0,0,0,-9
"50","HG00154","HG00154",0,0,0,-9
"51","HG00155","HG00155",0,0,0,-9
"52","HG00156","HG00156",0,0,0,-9
"53","HG00158","HG00158",0,0,0,-9
"54","HG00159","HG00159",0,0,0,-9
"55","HG00160","HG00160",0,0,0,-9
"56","HG00171","HG00171",0,0,0,-9
"57","HG00173","HG00173",0,0,0,-9
"58","HG00174","HG00174",0,0,0,-9
"59","HG00176","HG00176",0,0,0,-9
"60","HG00177","HG00177",0,0,0,-9
"61","HG00178","HG00178",0,0,0,-9
"62","HG00179","HG00179",0,0,0,-9
"63","HG00180","HG00180",0,0,0,-9
"64","HG00182","HG00182",0,0,0,-9
"65","HG00183","HG00183",0,0,0,-9
"66","HG00185","HG00185",0,0,0,-9
"67","HG00186","HG00186",0,0,0,-9
"68","HG00187","HG00187",0,0,0,-9
"69","HG00188","HG00188",0,0,0,-9
"70","HG00189","HG00189",0,0,0,-9
"71","HG00190","HG00190",0,0,0,-9
"72","HG00231","HG00231",0,0,0,-9
"73","HG00232","HG00232",0,0,0,-9
"74","HG00233","HG00233",0,0,0,-9
"75","HG00234","HG00234",0,0,0,-9
"76","HG00235","HG00235",0,0,0,-9
"77","HG00236","HG00236",0,0,0,-9
"78","HG00237","HG00237",0,0,0,-9
"79","HG00238","HG00238",0,0,0,-9
"80","HG00239","HG00239",0,0,0,-9
"81","HG00240","HG00240",0,0,0,-9
"82","HG00242","HG00242",0,0,0,-9
"83","HG00243","HG00243",0,0,0,-9
"84","HG00244","HG00244",0,0,0,-9
"85","HG00245","HG00245",0,0,0,-9
"86","HG00246","HG00246",0,0,0,-9
"87","HG00247","HG00247",0,0,0,-9
"88","HG00249","HG00249",0,0,0,-9
"89","HG00250","HG00250",0,0,0,-9
"90","HG00251","HG00251",0,0,0,-9
"91","HG00252","HG00252",0,0,0,-9
"92","HG00253","HG00253",0,0,0,-9
"93","HG00254","HG00254",0,0,0,-9
"94","HG00255","HG00255",0,0,0,-9
"95","HG00256","HG00256",0,0,0,-9
"96","HG00257","HG00257",0,0,0,-9
"97","HG00258","HG00258",0,0,0,-9
"98","HG00259","HG00259",0,0,0,-9
"99","HG00260","HG00260",0,0,0,-9
"100","HG00261","HG00261",0,0,0,-9
"101","HG00262","HG00262",0,0,0,-9
"102","HG00263","HG00263",0,0,0,-9
"103","HG00264","HG00264",0,0,0,-9
"104","HG00265","HG00265",0,0,0,-9
"105","HG00266","HG00266",0,0,0,-9
"106","HG00267","HG00267",0,0,0,-9
"107","HG00268","HG00268",0,0,0,-9
"108","HG00269","HG00269",0,0,0,-9
"109","HG00270","HG00270",0,0,0,-9
"110","HG00271","HG00271",0,0,0,-9
"111","HG00272","HG00272",0,0,0,-9
"112","HG00273","HG00273",0,0,0,-9
"113","HG00274","HG00274",0,0,0,-9
"114","HG00275","HG00275",0,0,0,-9
"115","HG00276","HG00276",0,0,0,-9
"116","HG00277","HG00277",0,0,0,-9
"117","HG00278","HG00278",0,0,0,-9
"118","HG00280","HG00280",0,0,0,-9
"119","HG00281","HG00281",0,0,0,-9
"120","HG00282","HG00282",0,0,0,-9
"121","HG00284","HG00284",0,0,0,-9
"122","HG00285","HG00285",0,0,0,-9
"123","HG00306","HG00306",0,0,0,-9
"124","HG00309","HG00309",0,0,0,-9
"125","HG00310","HG00310",0,0,0,-9
"126","HG00311","HG00311",0,0,0,-9
"127","HG00312","HG00312",0,0,0,-9
"128","HG00313","HG00313",0,0,0,-9
"129","HG00315","HG00315",0,0,0,-9
"130","HG00318","HG00318",0,0,0,-9
"131","HG00319","HG00319",0,0,0,-9
"132","HG00320","HG00320",0,0,0,-9
"133","HG00321","HG00321",0,0,0,-9
"134","HG00323","HG00323",0,0,0,-9
"135","HG00324","HG00324",0,0,0,-9
"136","HG00325","HG00325",0,0,0,-9
"137","HG00326","HG00326",0,0,0,-9
"138","HG00327","HG00327",0,0,0,-9
"139","HG00328","HG00328",0,0,0,-9
"140","HG00329","HG00329",0,0,0,-9
"141","HG00330","HG00330",0,0,0,-9
"142","HG00331","HG00331",0,0,0,-9
"143","HG00332","HG00332",0,0,0,-9
"144","HG00334","HG00334",0,0,0,-9
"145","HG00335","HG00335",0,0,0,-9
"146","HG00336","HG00336",0,0,0,-9
"147","HG00337","HG00337",0,0,0,-9
"148","HG00338","HG00338",0,0,0,-9
"149","HG00339","HG00339",0,0,0,-9
"150","HG00341","HG00341",0,0,0,-9
"151","HG00342","HG00342",0,0,0,-9
"152","HG00343","HG00343",0,0,0,-9
"153","HG00344","HG00344",0,0,0,-9
"154","HG00345","HG00345",0,0,0,-9
"155","HG00346","HG00346",0,0,0,-9
"156","HG00349","HG00349",0,0,0,-9
"157","HG00350","HG00350",0,0,0,-9
"158","HG00351","HG00351",0,0,0,-9
"159","HG00353","HG00353",0,0,0,-9
"160","HG00355","HG00355",0,0,0,-9
"161","HG00356","HG00356",0,0,0,-9
"162","HG00357","HG00357",0,0,0,-9
"163","HG00358","HG00358",0,0,0,-9
"164","HG00359","HG00359",0,0,0,-9
"165","HG00360","HG00360",0,0,0,-9
"166","HG00361","HG00361",0,0,0,-9
"167","HG00362","HG00362",0,0,0,-9
"168","HG00364","HG00364",0,0,0,-9
"169","HG00366","HG00366",0,0,0,-9
"170","HG00367","HG00367",0,0,0,-9
"171","HG00369","HG00369",0,0,0,-9
"172","HG00372","HG00372",0,0,0,-9
"173","HG00373","HG00373",0,0,0,-9
"174","HG00375","HG00375",0,0,0,-9
"175","HG00376","HG00376",0,0,0,-9
"176","HG00377","HG00377",0,0,0,-9
"177","HG00378","HG00378",0,0,0,-9
"178","HG00381","HG00381",0,0,0,-9
"179","HG00382","HG00382",0,0,0,-9
"180","HG00383","HG00383",0,0,0,-9
"181","HG00384","HG00384",0,0,0,-9
"182","HG00403","HG00403",0,0,0,-9
"183","HG00404","HG00404",0,0,0,-9
"184","HG00406","HG00406",0,0,0,-9
"185","HG00407","HG00407",0,0,0,-9
"186","HG00418","HG00418",0,0,0,-9
"187","HG00419","HG00419",0,0,0,-9
"188","HG00421","HG00421",0,0,0,-9
"189","HG00422","HG00422",0,0,0,-9
"190","HG00427","HG00427",0,0,0,-9
"191","HG00428","HG00428",0,0,0,-9
"192","HG00436","HG00436",0,0,0,-9
"193","HG00437","HG00437",0,0,0,-9
"194","HG00442","HG00442",0,0,0,-9
"195","HG00443","HG00443",0,0,0,-9
"196","HG00445","HG00445",0,0,0,-9
"197","HG00446","HG00446",0,0,0,-9
"198","HG00448","HG00448",0,0,0,-9
"199","HG00449","HG00449",0,0,0,-9
"200","HG00451","HG00451",0,0,0,-9
"201","HG00452","HG00452",0,0,0,-9
"202","HG00457","HG00457",0,0,0,-9
"203","HG00458","HG00458",0,0,0,-9
"204","HG00463","HG00463",0,0,0,-9
"205","HG00464","HG00464",0,0,0,-9
"206","HG00472","HG00472",0,0,0,-9
"207","HG00473","HG00473",0,0,0,-9
"208","HG00475","HG00475",0,0,0,-9
"209","HG00476","HG00476",0,0,0,-9
"210","HG00478","HG00478",0,0,0,-9
"211","HG00479","HG00479",0,0,0,-9
"212","HG00500","HG00500",0,0,0,-9
"213","HG00501","HG00501",0,0,0,-9
"214","HG00512","HG00512",0,0,0,-9
"215","HG00513","HG00513",0,0,0,-9
"216","HG00524","HG00524",0,0,0,-9
"217","HG00525","HG00525",0,0,0,-9
"218","HG00530","HG00530",0,0,0,-9
"219","HG00531","HG00531",0,0,0,-9
"220","HG00533","HG00533",0,0,0,-9
"221","HG00534","HG00534",0,0,0,-9
"222","HG00536","HG00536",0,0,0,-9
"223","HG00537","HG00537",0,0,0,-9
"224","HG00542","HG00542",0,0,0,-9
"225","HG00543","HG00543",0,0,0,-9
"226","HG00553","HG00553",0,0,0,-9
"227","HG00554","HG00554",0,0,0,-9
"228","HG00556","HG00556",0,0,0,-9
"229","HG00557","HG00557",0,0,0,-9
"230","HG00559","HG00559",0,0,0,-9
"231","HG00560","HG00560",0,0,0,-9
"232","HG00565","HG00565",0,0,0,-9
"233","HG00566","HG00566",0,0,0,-9
"234","HG00577","HG00577",0,0,0,-9
"235","HG00578","HG00578",0,0,0,-9
"236","HG00580","HG00580",0,0,0,-9
"237","HG00581","HG00581",0,0,0,-9
"238","HG00583","HG00583",0,0,0,-9
"239","HG00584","HG00584",0,0,0,-9
"240","HG00589","HG00589",0,0,0,-9
"241","HG00590","HG00590",0,0,0,-9
"242","HG00592","HG00592",0,0,0,-9
"243","HG00593","HG00593",0,0,0,-9
"244","HG00595","HG00595",0,0,0,-9
"245","HG00596","HG00596",0,0,0,-9
"246","HG00607","HG00607",0,0,0,-9
"247","HG00608","HG00608",0,0,0,-9
"248","HG00610","HG00610",0,0,0,-9
"249","HG00611","HG00611",0,0,0,-9
"250","HG00613","HG00613",0,0,0,-9
"251","HG00614","HG00614",0,0,0,-9
"252","HG00619","HG00619",0,0,0,-9
"253","HG00620","HG00620",0,0,0,-9
"254","HG00625","HG00625",0,0,0,-9
"255","HG00626","HG00626",0,0,0,-9
"256","HG00628","HG00628",0,0,0,-9
"257","HG00629","HG00629",0,0,0,-9
"258","HG00634","HG00634",0,0,0,-9
"259","HG00635","HG00635",0,0,0,-9
"260","HG00637","HG00637",0,0,0,-9
"261","HG00638","HG00638",0,0,0,-9
"262","HG00640","HG00640",0,0,0,-9
"263","HG00641","HG00641",0,0,0,-9
"264","HG00650","HG00650",0,0,0,-9
"265","HG00651","HG00651",0,0,0,-9
"266","HG00653","HG00653",0,0,0,-9
"267","HG00654","HG00654",0,0,0,-9
"268","HG00656","HG00656",0,0,0,-9
"269","HG00657","HG00657",0,0,0,-9
"270","HG00662","HG00662",0,0,0,-9
"271","HG00663","HG00663",0,0,0,-9
"272","HG00671","HG00671",0,0,0,-9
"273","HG00672","HG00672",0,0,0,-9
"274","HG00683","HG00683",0,0,0,-9
"275","HG00684","HG00684",0,0,0,-9
"276","HG00689","HG00689",0,0,0,-9
"277","HG00690","HG00690",0,0,0,-9
"278","HG00692","HG00692",0,0,0,-9
"279","HG00693","HG00693",0,0,0,-9
"280","HG00698","HG00698",0,0,0,-9
"281","HG00699","HG00699",0,0,0,-9
"282","HG00701","HG00701",0,0,0,-9
"283","HG00702","HG00702",0,0,0,-9
"284","HG00704","HG00704",0,0,0,-9
"285","HG00705","HG00705",0,0,0,-9
"286","HG00707","HG00707",0,0,0,-9
"287","HG00708","HG00708",0,0,0,-9
"288","HG00731","HG00731",0,0,0,-9
"289","HG00732","HG00732",0,0,0,-9
"290","HG00734","HG00734",0,0,0,-9
"291","HG00736","HG00736",0,0,0,-9
"292","HG00737","HG00737",0,0,0,-9
"293","HG00740","HG00740",0,0,0,-9
"294","HG01047","HG01047",0,0,0,-9
"295","HG01048","HG01048",0,0,0,-9
"296","HG01051","HG01051",0,0,0,-9
"297","HG01052","HG01052",0,0,0,-9
"298","HG01055","HG01055",0,0,0,-9
"299","HG01060","HG01060",0,0,0,-9
"300","HG01061","HG01061",0,0,0,-9
"301","HG01066","HG01066",0,0,0,-9
"302","HG01067","HG01067",0,0,0,-9
"303","HG01069","HG01069",0,0,0,-9
"304","HG01070","HG01070",0,0,0,-9
"305","HG01072","HG01072",0,0,0,-9
"306","HG01073","HG01073",0,0,0,-9
"307","HG01075","HG01075",0,0,0,-9
"308","HG01079","HG01079",0,0,0,-9
"309","HG01080","HG01080",0,0,0,-9
"310","HG01082","HG01082",0,0,0,-9
"311","HG01083","HG01083",0,0,0,-9
"312","HG01085","HG01085",0,0,0,-9
"313","HG01095","HG01095",0,0,0,-9
"314","HG01097","HG01097",0,0,0,-9
"315","HG01098","HG01098",0,0,0,-9
"316","HG01101","HG01101",0,0,0,-9
"317","HG01102","HG01102",0,0,0,-9
"318","HG01104","HG01104",0,0,0,-9
"319","HG01105","HG01105",0,0,0,-9
"320","HG01107","HG01107",0,0,0,-9
"321","HG01108","HG01108",0,0,0,-9
"322","HG01112","HG01112",0,0,0,-9
"323","HG01113","HG01113",0,0,0,-9
"324","HG01124","HG01124",0,0,0,-9
"325","HG01125","HG01125",0,0,0,-9
"326","HG01133","HG01133",0,0,0,-9
"327","HG01134","HG01134",0,0,0,-9
"328","HG01136","HG01136",0,0,0,-9
"329","HG01137","HG01137",0,0,0,-9
"330","HG01140","HG01140",0,0,0,-9
"331","HG01148","HG01148",0,0,0,-9
"332","HG01149","HG01149",0,0,0,-9
"333","HG01167","HG01167",0,0,0,-9
"334","HG01168","HG01168",0,0,0,-9
"335","HG01170","HG01170",0,0,0,-9
"336","HG01171","HG01171",0,0,0,-9
"337","HG01173","HG01173",0,0,0,-9
"338","HG01174","HG01174",0,0,0,-9
"339","HG01176","HG01176",0,0,0,-9
"340","HG01183","HG01183",0,0,0,-9
"341","HG01187","HG01187",0,0,0,-9
"342","HG01188","HG01188",0,0,0,-9
"343","HG01190","HG01190",0,0,0,-9
"344","HG01191","HG01191",0,0,0,-9
"345","HG01197","HG01197",0,0,0,-9
"346","HG01198","HG01198",0,0,0,-9
"347","HG01204","HG01204",0,0,0,-9
"348","HG01250","HG01250",0,0,0,-9
"349","HG01251","HG01251",0,0,0,-9
"350","HG01257","HG01257",0,0,0,-9
"351","HG01259","HG01259",0,0,0,-9
"352","HG01271","HG01271",0,0,0,-9
"353","HG01272","HG01272",0,0,0,-9
"354","HG01274","HG01274",0,0,0,-9
"355","HG01275","HG01275",0,0,0,-9
"356","HG01277","HG01277",0,0,0,-9
"357","HG01278","HG01278",0,0,0,-9
"358","HG01334","HG01334",0,0,0,-9
"359","HG01342","HG01342",0,0,0,-9
"360","HG01344","HG01344",0,0,0,-9
"361","HG01345","HG01345",0,0,0,-9
"362","HG01350","HG01350",0,0,0,-9
"363","HG01351","HG01351",0,0,0,-9
"364","HG01353","HG01353",0,0,0,-9
"365","HG01354","HG01354",0,0,0,-9
"366","HG01356","HG01356",0,0,0,-9
"367","HG01357","HG01357",0,0,0,-9
"368","HG01359","HG01359",0,0,0,-9
"369","HG01360","HG01360",0,0,0,-9
"370","HG01365","HG01365",0,0,0,-9
"371","HG01366","HG01366",0,0,0,-9
"372","HG01374","HG01374",0,0,0,-9
"373","HG01375","HG01375",0,0,0,-9
"374","HG01377","HG01377",0,0,0,-9
"375","HG01378","HG01378",0,0,0,-9
"376","HG01383","HG01383",0,0,0,-9
"377","HG01384","HG01384",0,0,0,-9
"378","HG01389","HG01389",0,0,0,-9
"379","HG01390","HG01390",0,0,0,-9
"380","HG01437","HG01437",0,0,0,-9
"381","HG01440","HG01440",0,0,0,-9
"382","HG01441","HG01441",0,0,0,-9
"383","HG01455","HG01455",0,0,0,-9
"384","HG01456","HG01456",0,0,0,-9
"385","HG01461","HG01461",0,0,0,-9
"386","HG01462","HG01462",0,0,0,-9
"387","HG01465","HG01465",0,0,0,-9
"388","HG01488","HG01488",0,0,0,-9
"389","HG01489","HG01489",0,0,0,-9
"390","HG01491","HG01491",0,0,0,-9
"391","HG01492","HG01492",0,0,0,-9
"392","HG01494","HG01494",0,0,0,-9
"393","HG01495","HG01495",0,0,0,-9
"394","HG01497","HG01497",0,0,0,-9
"395","HG01498","HG01498",0,0,0,-9
"396","HG01515","HG01515",0,0,0,-9
"397","HG01516","HG01516",0,0,0,-9
"398","HG01518","HG01518",0,0,0,-9
"399","HG01519","HG01519",0,0,0,-9
"400","HG01521","HG01521",0,0,0,-9
"401","HG01522","HG01522",0,0,0,-9
"402","HG01550","HG01550",0,0,0,-9
"403","HG01551","HG01551",0,0,0,-9
"404","HG01617","HG01617",0,0,0,-9
"405","HG01618","HG01618",0,0,0,-9
"406","HG01619","HG01619",0,0,0,-9
"407","HG01620","HG01620",0,0,0,-9
"408","HG01623","HG01623",0,0,0,-9
"409","HG01624","HG01624",0,0,0,-9
"410","HG01625","HG01625",0,0,0,-9
"411","HG01626","HG01626",0,0,0,-9
"412","NA06984","NA06984",0,0,0,-9
"413","NA06986","NA06986",0,0,0,-9
"414","NA06989","NA06989",0,0,0,-9
"415","NA06994","NA06994",0,0,0,-9
"416","NA07000","NA07000",0,0,0,-9
"417","NA07037","NA07037",0,0,0,-9
"418","NA07048","NA07048",0,0,0,-9
"419","NA07051","NA07051",0,0,0,-9
"420","NA07056","NA07056",0,0,0,-9
"421","NA07347","NA07347",0,0,0,-9
"422","NA07357","NA07357",0,0,0,-9
"423","NA10847","NA10847",0,0,0,-9
"424","NA10851","NA10851",0,0,0,-9
"425","NA11829","NA11829",0,0,0,-9
"426","NA11830","NA11830",0,0,0,-9
"427","NA11831","NA11831",0,0,0,-9
"428","NA11843","NA11843",0,0,0,-9
"429","NA11892","NA11892",0,0,0,-9
"430","NA11893","NA11893",0,0,0,-9
"431","NA11894","NA11894",0,0,0,-9
"432","NA11919","NA11919",0,0,0,-9
"433","NA11920","NA11920",0,0,0,-9
"434","NA11930","NA11930",0,0,0,-9
"435","NA11931","NA11931",0,0,0,-9
"436","NA11932","NA11932",0,0,0,-9
"437","NA11933","NA11933",0,0,0,-9
"438","NA11992","NA11992",0,0,0,-9
"439","NA11993","NA11993",0,0,0,-9
"440","NA11994","NA11994",0,0,0,-9
"441","NA11995","NA11995",0,0,0,-9
"442","NA12003","NA12003",0,0,0,-9
"443","NA12004","NA12004",0,0,0,-9
"444","NA12006","NA12006",0,0,0,-9
"445","NA12043","NA12043",0,0,0,-9
"446","NA12044","NA12044",0,0,0,-9
"447","NA12045","NA12045",0,0,0,-9
"448","NA12046","NA12046",0,0,0,-9
"449","NA12058","NA12058",0,0,0,-9
"450","NA12144","NA12144",0,0,0,-9
"451","NA12154","NA12154",0,0,0,-9
"452","NA12155","NA12155",0,0,0,-9
"453","NA12249","NA12249",0,0,0,-9
"454","NA12272","NA12272",0,0,0,-9
"455","NA12273","NA12273",0,0,0,-9
"456","NA12275","NA12275",0,0,0,-9
"457","NA12282","NA12282",0,0,0,-9
"458","NA12283","NA12283",0,0,0,-9
"459","NA12286","NA12286",0,0,0,-9
"460","NA12287","NA12287",0,0,0,-9
"461","NA12340","NA12340",0,0,0,-9
"462","NA12341","NA12341",0,0,0,-9
"463","NA12342","NA12342",0,0,0,-9
"464","NA12347","NA12347",0,0,0,-9
"465","NA12348","NA12348",0,0,0,-9
"466","NA12383","NA12383",0,0,0,-9
"467","NA12399","NA12399",0,0,0,-9
"468","NA12400","NA12400",0,0,0,-9
"469","NA12413","NA12413",0,0,0,-9
"470","NA12489","NA12489",0,0,0,-9
"471","NA12546","NA12546",0,0,0,-9
"472","NA12716","NA12716",0,0,0,-9
"473","NA12717","NA12717",0,0,0,-9
"474","NA12718","NA12718",0,0,0,-9
"475","NA12748","NA12748",0,0,0,-9
"476","NA12749","NA12749",0,0,0,-9
"477","NA12750","NA12750",0,0,0,-9
"478","NA12751","NA12751",0,0,0,-9
"479","NA12761","NA12761",0,0,0,-9
"480","NA12763","NA12763",0,0,0,-9
"481","NA12775","NA12775",0,0,0,-9
"482","NA12777","NA12777",0,0,0,-9
"483","NA12778","NA12778",0,0,0,-9
"484","NA12812","NA12812",0,0,0,-9
"485","NA12814","NA12814",0,0,0,-9
"486","NA12815","NA12815",0,0,0,-9
"487","NA12827","NA12827",0,0,0,-9
"488","NA12829","NA12829",0,0,0,-9
"489","NA12830","NA12830",0,0,0,-9
"490","NA12842","NA12842",0,0,0,-9
"491","NA12843","NA12843",0,0,0,-9
"492","NA12872","NA12872",0,0,0,-9
"493","NA12873","NA12873",0,0,0,-9
"494","NA12874","NA12874",0,0,0,-9
"495","NA12889","NA12889",0,0,0,-9
"496","NA12890","NA12890",0,0,0,-9
"497","NA18486","NA18486",0,0,0,-9
"498","NA18487","NA18487",0,0,0,-9
"499","NA18489","NA18489",0,0,0,-9
"500","NA18498","NA18498",0,0,0,-9
"501","NA18499","NA18499",0,0,0,-9
"502","NA18501","NA18501",0,0,0,-9
"503","NA18502","NA18502",0,0,0,-9
"504","NA18504","NA18504",0,0,0,-9
"505","NA18505","NA18505",0,0,0,-9
"506","NA18507","NA18507",0,0,0,-9
"507","NA18508","NA18508",0,0,0,-9
"508","NA18510","NA18510",0,0,0,-9
"509","NA18511","NA18511",0,0,0,-9
"510","NA18516","NA18516",0,0,0,-9
"511","NA18517","NA18517",0,0,0,-9
"512","NA18519","NA18519",0,0,0,-9
"513","NA18520","NA18520",0,0,0,-9
"514","NA18522","NA18522",0,0,0,-9
"515","NA18523","NA18523",0,0,0,-9
"516","NA18525","NA18525",0,0,0,-9
"517","NA18526","NA18526",0,0,0,-9
"518","NA18527","NA18527",0,0,0,-9
"519","NA18528","NA18528",0,0,0,-9
"520","NA18530","NA18530",0,0,0,-9
"521","NA18532","NA18532",0,0,0,-9
"522","NA18534","NA18534",0,0,0,-9
"523","NA18535","NA18535",0,0,0,-9
"524","NA18536","NA18536",0,0,0,-9
"525","NA18537","NA18537",0,0,0,-9
"526","NA18538","NA18538",0,0,0,-9
"527","NA18539","NA18539",0,0,0,-9
"528","NA18541","NA18541",0,0,0,-9
"529","NA18542","NA18542",0,0,0,-9
"530","NA18543","NA18543",0,0,0,-9
"531","NA18544","NA18544",0,0,0,-9
"532","NA18545","NA18545",0,0,0,-9
"533","NA18546","NA18546",0,0,0,-9
"534","NA18547","NA18547",0,0,0,-9
"535","NA18548","NA18548",0,0,0,-9
"536","NA18549","NA18549",0,0,0,-9
"537","NA18550","NA18550",0,0,0,-9
"538","NA18552","NA18552",0,0,0,-9
"539","NA18553","NA18553",0,0,0,-9
"540","NA18555","NA18555",0,0,0,-9
"541","NA18557","NA18557",0,0,0,-9
"542","NA18558","NA18558",0,0,0,-9
"543","NA18559","NA18559",0,0,0,-9
"544","NA18560","NA18560",0,0,0,-9
"545","NA18561","NA18561",0,0,0,-9
"546","NA18562","NA18562",0,0,0,-9
"547","NA18563","NA18563",0,0,0,-9
"548","NA18564","NA18564",0,0,0,-9
"549","NA18565","NA18565",0,0,0,-9
"550","NA18566","NA18566",0,0,0,-9
"551","NA18567","NA18567",0,0,0,-9
"552","NA18570","NA18570",0,0,0,-9
"553","NA18571","NA18571",0,0,0,-9
"554","NA18572","NA18572",0,0,0,-9
"555","NA18573","NA18573",0,0,0,-9
"556","NA18574","NA18574",0,0,0,-9
"557","NA18576","NA18576",0,0,0,-9
"558","NA18577","NA18577",0,0,0,-9
"559","NA18579","NA18579",0,0,0,-9
"560","NA18582","NA18582",0,0,0,-9
"561","NA18592","NA18592",0,0,0,-9
"562","NA18593","NA18593",0,0,0,-9
"563","NA18595","NA18595",0,0,0,-9
"564","NA18596","NA18596",0,0,0,-9
"565","NA18597","NA18597",0,0,0,-9
"566","NA18599","NA18599",0,0,0,-9
"567","NA18602","NA18602",0,0,0,-9
"568","NA18603","NA18603",0,0,0,-9
"569","NA18605","NA18605",0,0,0,-9
"570","NA18606","NA18606",0,0,0,-9
"571","NA18608","NA18608",0,0,0,-9
"572","NA18609","NA18609",0,0,0,-9
"573","NA18610","NA18610",0,0,0,-9
"574","NA18611","NA18611",0,0,0,-9
"575","NA18612","NA18612",0,0,0,-9
"576","NA18613","NA18613",0,0,0,-9
"577","NA18614","NA18614",0,0,0,-9
"578","NA18615","NA18615",0,0,0,-9
"579","NA18616","NA18616",0,0,0,-9
"580","NA18617","NA18617",0,0,0,-9
"581","NA18618","NA18618",0,0,0,-9
"582","NA18619","NA18619",0,0,0,-9
"583","NA18620","NA18620",0,0,0,-9
"584","NA18621","NA18621",0,0,0,-9
"585","NA18622","NA18622",0,0,0,-9
"586","NA18623","NA18623",0,0,0,-9
"587","NA18624","NA18624",0,0,0,-9
"588","NA18626","NA18626",0,0,0,-9
"589","NA18627","NA18627",0,0,0,-9
"590","NA18628","NA18628",0,0,0,-9
"591","NA18630","NA18630",0,0,0,-9
"592","NA18631","NA18631",0,0,0,-9
"593","NA18632","NA18632",0,0,0,-9
"594","NA18633","NA18633",0,0,0,-9
"595","NA18634","NA18634",0,0,0,-9
"596","NA18635","NA18635",0,0,0,-9
"597","NA18636","NA18636",0,0,0,-9
"598","NA18637","NA18637",0,0,0,-9
"599","NA18638","NA18638",0,0,0,-9
"600","NA18639","NA18639",0,0,0,-9
"601","NA18640","NA18640",0,0,0,-9
"602","NA18641","NA18641",0,0,0,-9
"603","NA18642","NA18642",0,0,0,-9
"604","NA18643","NA18643",0,0,0,-9
"605","NA18645","NA18645",0,0,0,-9
"606","NA18647","NA18647",0,0,0,-9
"607","NA18740","NA18740",0,0,0,-9
"608","NA18745","NA18745",0,0,0,-9
"609","NA18747","NA18747",0,0,0,-9
"610","NA18748","NA18748",0,0,0,-9
"611","NA18749","NA18749",0,0,0,-9
"612","NA18757","NA18757",0,0,0,-9
"613","NA18853","NA18853",0,0,0,-9
"614","NA18856","NA18856",0,0,0,-9
"615","NA18858","NA18858",0,0,0,-9
"616","NA18861","NA18861",0,0,0,-9
"617","NA18867","NA18867",0,0,0,-9
"618","NA18868","NA18868",0,0,0,-9
"619","NA18870","NA18870",0,0,0,-9
"620","NA18871","NA18871",0,0,0,-9
"621","NA18873","NA18873",0,0,0,-9
"622","NA18874","NA18874",0,0,0,-9
"623","NA18907","NA18907",0,0,0,-9
"624","NA18908","NA18908",0,0,0,-9
"625","NA18909","NA18909",0,0,0,-9
"626","NA18910","NA18910",0,0,0,-9
"627","NA18912","NA18912",0,0,0,-9
"628","NA18916","NA18916",0,0,0,-9
"629","NA18917","NA18917",0,0,0,-9
"630","NA18923","NA18923",0,0,0,-9
"631","NA18924","NA18924",0,0,0,-9
"632","NA18933","NA18933",0,0,0,-9
"633","NA18934","NA18934",0,0,0,-9
"634","NA18939","NA18939",0,0,0,-9
"635","NA18940","NA18940",0,0,0,-9
"636","NA18941","NA18941",0,0,0,-9
"637","NA18942","NA18942",0,0,0,-9
"638","NA18943","NA18943",0,0,0,-9
"639","NA18944","NA18944",0,0,0,-9
"640","NA18945","NA18945",0,0,0,-9
"641","NA18946","NA18946",0,0,0,-9
"642","NA18947","NA18947",0,0,0,-9
"643","NA18948","NA18948",0,0,0,-9
"644","NA18949","NA18949",0,0,0,-9
"645","NA18950","NA18950",0,0,0,-9
"646","NA18951","NA18951",0,0,0,-9
"647","NA18952","NA18952",0,0,0,-9
"648","NA18953","NA18953",0,0,0,-9
"649","NA18954","NA18954",0,0,0,-9
"650","NA18956","NA18956",0,0,0,-9
"651","NA18957","NA18957",0,0,0,-9
"652","NA18959","NA18959",0,0,0,-9
"653","NA18960","NA18960",0,0,0,-9
"654","NA18961","NA18961",0,0,0,-9
"655","NA18962","NA18962",0,0,0,-9
"656","NA18963","NA18963",0,0,0,-9
"657","NA18964","NA18964",0,0,0,-9
"658","NA18965","NA18965",0,0,0,-9
"659","NA18966","NA18966",0,0,0,-9
"660","NA18968","NA18968",0,0,0,-9
"661","NA18971","NA18971",0,0,0,-9
"662","NA18973","NA18973",0,0,0,-9
"663","NA18974","NA18974",0,0,0,-9
"664","NA18975","NA18975",0,0,0,-9
"665","NA18976","NA18976",0,0,0,-9
"666","NA18977","NA18977",0,0,0,-9
"667","NA18978","NA18978",0,0,0,-9
"668","NA18980","NA18980",0,0,0,-9
"669","NA18981","NA18981",0,0,0,-9
"670","NA18982","NA18982",0,0,0,-9
"671","NA18983","NA18983",0,0,0,-9
"672","NA18984","NA18984",0,0,0,-9
"673","NA18985","NA18985",0,0,0,-9
"674","NA18986","NA18986",0,0,0,-9
"675","NA18987","NA18987",0,0,0,-9
"676","NA18988","NA18988",0,0,0,-9
"677","NA18989","NA18989",0,0,0,-9
"678","NA18990","NA18990",0,0,0,-9
"679","NA18992","NA18992",0,0,0,-9
"680","NA18994","NA18994",0,0,0,-9
"681","NA18995","NA18995",0,0,0,-9
"682","NA18998","NA18998",0,0,0,-9
"683","NA18999","NA18999",0,0,0,-9
"684","NA19000","NA19000",0,0,0,-9
"685","NA19002","NA19002",0,0,0,-9
"686","NA19003","NA19003",0,0,0,-9
"687","NA19004","NA19004",0,0,0,-9
"688","NA19005","NA19005",0,0,0,-9
"689","NA19007","NA19007",0,0,0,-9
"690","NA19009","NA19009",0,0,0,-9
"691","NA19010","NA19010",0,0,0,-9
"692","NA19012","NA19012",0,0,0,-9
"693","NA19020","NA19020",0,0,0,-9
"694","NA19028","NA19028",0,0,0,-9
"695","NA19035","NA19035",0,0,0,-9
"696","NA19036","NA19036",0,0,0,-9
"697","NA19038","NA19038",0,0,0,-9
"698","NA19041","NA19041",0,0,0,-9
"699","NA19044","NA19044",0,0,0,-9
"700","NA19046","NA19046",0,0,0,-9
"701","NA19054","NA19054",0,0,0,-9
"702","NA19055","NA19055",0,0,0,-9
"703","NA19056","NA19056",0,0,0,-9
"704","NA19057","NA19057",0,0,0,-9
"705","NA19058","NA19058",0,0,0,-9
"706","NA19059","NA19059",0,0,0,-9
"707","NA19060","NA19060",0,0,0,-9
"708","NA19062","NA19062",0,0,0,-9
"709","NA19063","NA19063",0,0,0,-9
"710","NA19064","NA19064",0,0,0,-9
"711","NA19065","NA19065",0,0,0,-9
"712","NA19066","NA19066",0,0,0,-9
"713","NA19067","NA19067",0,0,0,-9
"714","NA19068","NA19068",0,0,0,-9
"715","NA19070","NA19070",0,0,0,-9
"716","NA19072","NA19072",0,0,0,-9
"717","NA19074","NA19074",0,0,0,-9
"718","NA19075","NA19075",0,0,0,-9
"719","NA19076","NA19076",0,0,0,-9
"720","NA19077","NA19077",0,0,0,-9
"721","NA19078","NA19078",0,0,0,-9
"722","NA19079","NA19079",0,0,0,-9
"723","NA19080","NA19080",0,0,0,-9
"724","NA19081","NA19081",0,0,0,-9
"725","NA19082","NA19082",0,0,0,-9
"726","NA19083","NA19083",0,0,0,-9
"727","NA19084","NA19084",0,0,0,-9
"728","NA19085","NA19085",0,0,0,-9
"729","NA19087","NA19087",0,0,0,-9
"730","NA19088","NA19088",0,0,0,-9
"731","NA19093","NA19093",0,0,0,-9
"732","NA19095","NA19095",0,0,0,-9
"733","NA19096","NA19096",0,0,0,-9
"734","NA19098","NA19098",0,0,0,-9
"735","NA19099","NA19099",0,0,0,-9
"736","NA19102","NA19102",0,0,0,-9
"737","NA19107","NA19107",0,0,0,-9
"738","NA19108","NA19108",0,0,0,-9
"739","NA19113","NA19113",0,0,0,-9
"740","NA19114","NA19114",0,0,0,-9
"741","NA19116","NA19116",0,0,0,-9
"742","NA19117","NA19117",0,0,0,-9
"743","NA19118","NA19118",0,0,0,-9
"744","NA19119","NA19119",0,0,0,-9
"745","NA19121","NA19121",0,0,0,-9
"746","NA19129","NA19129",0,0,0,-9
"747","NA19130","NA19130",0,0,0,-9
"748","NA19131","NA19131",0,0,0,-9
"749","NA19137","NA19137",0,0,0,-9
"750","NA19138","NA19138",0,0,0,-9
"751","NA19146","NA19146",0,0,0,-9
"752","NA19147","NA19147",0,0,0,-9
"753","NA19149","NA19149",0,0,0,-9
"754","NA19150","NA19150",0,0,0,-9
"755","NA19152","NA19152",0,0,0,-9
"756","NA19160","NA19160",0,0,0,-9
"757","NA19171","NA19171",0,0,0,-9
"758","NA19172","NA19172",0,0,0,-9
"759","NA19175","NA19175",0,0,0,-9
"760","NA19185","NA19185",0,0,0,-9
"761","NA19189","NA19189",0,0,0,-9
"762","NA19190","NA19190",0,0,0,-9
"763","NA19197","NA19197",0,0,0,-9
"764","NA19198","NA19198",0,0,0,-9
"765","NA19200","NA19200",0,0,0,-9
"766","NA19204","NA19204",0,0,0,-9
"767","NA19207","NA19207",0,0,0,-9
"768","NA19209","NA19209",0,0,0,-9
"769","NA19213","NA19213",0,0,0,-9
"770","NA19222","NA19222",0,0,0,-9
"771","NA19223","NA19223",0,0,0,-9
"772","NA19225","NA19225",0,0,0,-9
"773","NA19235","NA19235",0,0,0,-9
"774","NA19236","NA19236",0,0,0,-9
"775","NA19247","NA19247",0,0,0,-9
"776","NA19248","NA19248",0,0,0,-9
"777","NA19256","NA19256",0,0,0,-9
"778","NA19257","NA19257",0,0,0,-9
"779","NA19307","NA19307",0,0,0,-9
"780","NA19308","NA19308",0,0,0,-9
"781","NA19309","NA19309",0,0,0,-9
"782","NA19310","NA19310",0,0,0,-9
"783","NA19311","NA19311",0,0,0,-9
"784","NA19312","NA19312",0,0,0,-9
"785","NA19313","NA19313",0,0,0,-9
"786","NA19315","NA19315",0,0,0,-9
"787","NA19316","NA19316",0,0,0,-9
"788","NA19317","NA19317",0,0,0,-9
"789","NA19318","NA19318",0,0,0,-9
"790","NA19319","NA19319",0,0,0,-9
"791","NA19321","NA19321",0,0,0,-9
"792","NA19324","NA19324",0,0,0,-9
"793","NA19327","NA19327",0,0,0,-9
"794","NA19328","NA19328",0,0,0,-9
"795","NA19331","NA19331",0,0,0,-9
"796","NA19332","NA19332",0,0,0,-9
"797","NA19334","NA19334",0,0,0,-9
"798","NA19338","NA19338",0,0,0,-9
"799","NA19346","NA19346",0,0,0,-9
"800","NA19347","NA19347",0,0,0,-9
"801","NA19350","NA19350",0,0,0,-9
"802","NA19351","NA19351",0,0,0,-9
"803","NA19352","NA19352",0,0,0,-9
"804","NA19355","NA19355",0,0,0,-9
"805","NA19359","NA19359",0,0,0,-9
"806","NA19360","NA19360",0,0,0,-9
"807","NA19371","NA19371",0,0,0,-9
"808","NA19372","NA19372",0,0,0,-9
"809","NA19373","NA19373",0,0,0,-9
"810","NA19374","NA19374",0,0,0,-9
"811","NA19375","NA19375",0,0,0,-9
"812","NA19376","NA19376",0,0,0,-9
"813","NA19377","NA19377",0,0,0,-9
"814","NA19379","NA19379",0,0,0,-9
"815","NA19380","NA19380",0,0,0,-9
"816","NA19381","NA19381",0,0,0,-9
"817","NA19382","NA19382",0,0,0,-9
"818","NA19383","NA19383",0,0,0,-9
"819","NA19384","NA19384",0,0,0,-9
"820","NA19385","NA19385",0,0,0,-9
"821","NA19390","NA19390",0,0,0,-9
"822","NA19391","NA19391",0,0,0,-9
"823","NA19393","NA19393",0,0,0,-9
"824","NA19394","NA19394",0,0,0,-9
"825","NA19395","NA19395",0,0,0,-9
"826","NA19396","NA19396",0,0,0,-9
"827","NA19397","NA19397",0,0,0,-9
"828","NA19398","NA19398",0,0,0,-9
"829","NA19399","NA19399",0,0,0,-9
"830","NA19401","NA19401",0,0,0,-9
"831","NA19403","NA19403",0,0,0,-9
"832","NA19404","NA19404",0,0,0,-9
"833","NA19428","NA19428",0,0,0,-9
"834","NA19429","NA19429",0,0,0,-9
"835","NA19430","NA19430",0,0,0,-9
"836","NA19431","NA19431",0,0,0,-9
"837","NA19434","NA19434",0,0,0,-9
"838","NA19435","NA19435",0,0,0,-9
"839","NA19436","NA19436",0,0,0,-9
"840","NA19437","NA19437",0,0,0,-9
"841","NA19438","NA19438",0,0,0,-9
"842","NA19439","NA19439",0,0,0,-9
"843","NA19440","NA19440",0,0,0,-9
"844","NA19443","NA19443",0,0,0,-9
"845","NA19444","NA19444",0,0,0,-9
"846","NA19445","NA19445",0,0,0,-9
"847","NA19446","NA19446",0,0,0,-9
"848","NA19448","NA19448",0,0,0,-9
"849","NA19449","NA19449",0,0,0,-9
"850","NA19451","NA19451",0,0,0,-9
"851","NA19452","NA19452",0,0,0,-9
"852","NA19453","NA19453",0,0,0,-9
"853","NA19455","NA19455",0,0,0,-9
"854","NA19456","NA19456",0,0,0,-9
"855","NA19457","NA19457",0,0,0,-9
"856","NA19461","NA19461",0,0,0,-9
"857","NA19462","NA19462",0,0,0,-9
"858","NA19463","NA19463",0,0,0,-9
"859","NA19466","NA19466",0,0,0,-9
"860","NA19467","NA19467",0,0,0,-9
"861","NA19468","NA19468",0,0,0,-9
"862","NA19469","NA19469",0,0,0,-9
"863","NA19470","NA19470",0,0,0,-9
"864","NA19471","NA19471",0,0,0,-9
"865","NA19472","NA19472",0,0,0,-9
"866","NA19473","NA19473",0,0,0,-9
"867","NA19474","NA19474",0,0,0,-9
"868","NA19625","NA19625",0,0,0,-9
"869","NA19648","NA19648",0,0,0,-9
"870","NA19651","NA19651",0,0,0,-9
"871","NA19652","NA19652",0,0,0,-9
"872","NA19654","NA19654",0,0,0,-9
"873","NA19655","NA19655",0,0,0,-9
"874","NA19657","NA19657",0,0,0,-9
"875","NA19660","NA19660",0,0,0,-9
"876","NA19661","NA19661",0,0,0,-9
"877","NA19663","NA19663",0,0,0,-9
"878","NA19664","NA19664",0,0,0,-9
"879","NA19672","NA19672",0,0,0,-9
"880","NA19675","NA19675",0,0,0,-9
"881","NA19676","NA19676",0,0,0,-9
"882","NA19678","NA19678",0,0,0,-9
"883","NA19679","NA19679",0,0,0,-9
"884","NA19681","NA19681",0,0,0,-9
"885","NA19682","NA19682",0,0,0,-9
"886","NA19684","NA19684",0,0,0,-9
"887","NA19685","NA19685",0,0,0,-9
"888","NA19700","NA19700",0,0,0,-9
"889","NA19701","NA19701",0,0,0,-9
"890","NA19703","NA19703",0,0,0,-9
"891","NA19704","NA19704",0,0,0,-9
"892","NA19707","NA19707",0,0,0,-9
"893","NA19711","NA19711",0,0,0,-9
"894","NA19712","NA19712",0,0,0,-9
"895","NA19713","NA19713",0,0,0,-9
"896","NA19716","NA19716",0,0,0,-9
"897","NA19717","NA19717",0,0,0,-9
"898","NA19719","NA19719",0,0,0,-9
"899","NA19720","NA19720",0,0,0,-9
"900","NA19722","NA19722",0,0,0,-9
"901","NA19723","NA19723",0,0,0,-9
"902","NA19725","NA19725",0,0,0,-9
"903","NA19726","NA19726",0,0,0,-9
"904","NA19728","NA19728",0,0,0,-9
"905","NA19729","NA19729",0,0,0,-9
"906","NA19731","NA19731",0,0,0,-9
"907","NA19732","NA19732",0,0,0,-9
"908","NA19734","NA19734",0,0,0,-9
"909","NA19735","NA19735",0,0,0,-9
"910","NA19737","NA19737",0,0,0,-9
"911","NA19738","NA19738",0,0,0,-9
"912","NA19740","NA19740",0,0,0,-9
"913","NA19741","NA19741",0,0,0,-9
"914","NA19746","NA19746",0,0,0,-9
"915","NA19747","NA19747",0,0,0,-9
"916","NA19749","NA19749",0,0,0,-9
"917","NA19750","NA19750",0,0,0,-9
"918","NA19752","NA19752",0,0,0,-9
"919","NA19753","NA19753",0,0,0,-9
"920","NA19755","NA19755",0,0,0,-9
"921","NA19756","NA19756",0,0,0,-9
"922","NA19758","NA19758",0,0,0,-9
"923","NA19759","NA19759",0,0,0,-9
"924","NA19761","NA19761",0,0,0,-9
"925","NA19762","NA19762",0,0,0,-9
"926","NA19764","NA19764",0,0,0,-9
"927","NA19770","NA19770",0,0,0,-9
"928","NA19771","NA19771",0,0,0,-9
"929","NA19773","NA19773",0,0,0,-9
"930","NA19774","NA19774",0,0,0,-9
"931","NA19776","NA19776",0,0,0,-9
"932","NA19777","NA19777",0,0,0,-9
"933","NA19779","NA19779",0,0,0,-9
"934","NA19780","NA19780",0,0,0,-9
"935","NA19782","NA19782",0,0,0,-9
"936","NA19783","NA19783",0,0,0,-9
"937","NA19785","NA19785",0,0,0,-9
"938","NA19786","NA19786",0,0,0,-9
"939","NA19788","NA19788",0,0,0,-9
"940","NA19789","NA19789",0,0,0,-9
"941","NA19794","NA19794",0,0,0,-9
"942","NA19795","NA19795",0,0,0,-9
"943","NA19818","NA19818",0,0,0,-9
"944","NA19819","NA19819",0,0,0,-9
"945","NA19834","NA19834",0,0,0,-9
"946","NA19835","NA19835",0,0,0,-9
"947","NA19900","NA19900",0,0,0,-9
"948","NA19901","NA19901",0,0,0,-9
"949","NA19904","NA19904",0,0,0,-9
"950","NA19908","NA19908",0,0,0,-9
"951","NA19909","NA19909",0,0,0,-9
"952","NA19914","NA19914",0,0,0,-9
"953","NA19916","NA19916",0,0,0,-9
"954","NA19917","NA19917",0,0,0,-9
"955","NA19920","NA19920",0,0,0,-9
"956","NA19921","NA19921",0,0,0,-9
"957","NA19922","NA19922",0,0,0,-9
"958","NA19923","NA19923",0,0,0,-9
"959","NA19982","NA19982",0,0,0,-9
"960","NA19984","NA19984",0,0,0,-9
"961","NA19985","NA19985",0,0,0,-9
"962","NA20126","NA20126",0,0,0,-9
"963","NA20127","NA20127",0,0,0,-9
"964","NA20276","NA20276",0,0,0,-9
"965","NA20278","NA20278",0,0,0,-9
"966","NA20281","NA20281",0,0,0,-9
"967","NA20282","NA20282",0,0,0,-9
"968","NA20287","NA20287",0,0,0,-9
"969","NA20289","NA20289",0,0,0,-9
"970","NA20291","NA20291",0,0,0,-9
"971","NA20294","NA20294",0,0,0,-9
"972","NA20296","NA20296",0,0,0,-9
"973","NA20298","NA20298",0,0,0,-9
"974","NA20299","NA20299",0,0,0,-9
"975","NA20314","NA20314",0,0,0,-9
"976","NA20317","NA20317",0,0,0,-9
"977","NA20322","NA20322",0,0,0,-9
"978","NA20332","NA20332",0,0,0,-9
"979","NA20334","NA20334",0,0,0,-9
"980","NA20336","NA20336",0,0,0,-9
"981","NA20339","NA20339",0,0,0,-9
"982","NA20340","NA20340",0,0,0,-9
"983","NA20341","NA20341",0,0,0,-9
"984","NA20342","NA20342",0,0,0,-9
"985","NA20344","NA20344",0,0,0,-9
"986","NA20346","NA20346",0,0,0,-9
"987","NA20348","NA20348",0,0,0,-9
"988","NA20351","NA20351",0,0,0,-9
"989","NA20356","NA20356",0,0,0,-9
"990","NA20357","NA20357",0,0,0,-9
"991","NA20359","NA20359",0,0,0,-9
"992","NA20363","NA20363",0,0,0,-9
"993","NA20412","NA20412",0,0,0,-9
"994","NA20414","NA20414",0,0,0,-9
"995","NA20502","NA20502",0,0,0,-9
"996","NA20503","NA20503",0,0,0,-9
"997","NA20504","NA20504",0,0,0,-9
"998","NA20505","NA20505",0,0,0,-9
"999","NA20506","NA20506",0,0,0,-9
"1000","NA20507","NA20507",0,0,0,-9
"1001","NA20508","NA20508",0,0,0,-9
"1002","NA20509","NA20509",0,0,0,-9
"1003","NA20510","NA20510",0,0,0,-9
"1004","NA20512","NA20512",0,0,0,-9
"1005","NA20513","NA20513",0,0,0,-9
"1006","NA20515","NA20515",0,0,0,-9
"1007","NA20516","NA20516",0,0,0,-9
"1008","NA20517","NA20517",0,0,0,-9
"1009","NA20518","NA20518",0,0,0,-9
"1010","NA20519","NA20519",0,0,0,-9
"1011","NA20520","NA20520",0,0,0,-9
"1012","NA20521","NA20521",0,0,0,-9
"1013","NA20522","NA20522",0,0,0,-9
"1014","NA20524","NA20524",0,0,0,-9
"1015","NA20525","NA20525",0,0,0,-9
"1016","NA20527","NA20527",0,0,0,-9
"1017","NA20528","NA20528",0,0,0,-9
"1018","NA20529","NA20529",0,0,0,-9
"1019","NA20530","NA20530",0,0,0,-9
"1020","NA20531","NA20531",0,0,0,-9
"1021","NA20532","NA20532",0,0,0,-9
"1022","NA20533","NA20533",0,0,0,-9
"1023","NA20534","NA20534",0,0,0,-9
"1024","NA20535","NA20535",0,0,0,-9
"1025","NA20536","NA20536",0,0,0,-9
"1026","NA20537","NA20537",0,0,0,-9
"1027","NA20538","NA20538",0,0,0,-9
"1028","NA20539","NA20539",0,0,0,-9
"1029","NA20540","NA20540",0,0,0,-9
"1030","NA20541","NA20541",0,0,0,-9
"1031","NA20542","NA20542",0,0,0,-9
"1032","NA20543","NA20543",0,0,0,-9
"1033","NA20544","NA20544",0,0,0,-9
"1034","NA20581","NA20581",0,0,0,-9
"1035","NA20582","NA20582",0,0,0,-9
"1036","NA20585","NA20585",0,0,0,-9
"1037","NA20586","NA20586",0,0,0,-9
"1038","NA20588","NA20588",0,0,0,-9
"1039","NA20589","NA20589",0,0,0,-9
"1040","NA20752","NA20752",0,0,0,-9
"1041","NA20753","NA20753",0,0,0,-9
"1042","NA20754","NA20754",0,0,0,-9
"1043","NA20755","NA20755",0,0,0,-9
"1044","NA20756","NA20756",0,0,0,-9
"1045","NA20757","NA20757",0,0,0,-9
"1046","NA20758","NA20758",0,0,0,-9
"1047","NA20759","NA20759",0,0,0,-9
"1048","NA20760","NA20760",0,0,0,-9
"1049","NA20761","NA20761",0,0,0,-9
"1050","NA20765","NA20765",0,0,0,-9
"1051","NA20766","NA20766",0,0,0,-9
"1052","NA20768","NA20768",0,0,0,-9
"1053","NA20769","NA20769",0,0,0,-9
"1054","NA20770","NA20770",0,0,0,-9
"1055","NA20771","NA20771",0,0,0,-9
"1056","NA20772","NA20772",0,0,0,-9
"1057","NA20773","NA20773",0,0,0,-9
"1058","NA20774","NA20774",0,0,0,-9
"1059","NA20775","NA20775",0,0,0,-9
"1060","NA20778","NA20778",0,0,0,-9
"1061","NA20783","NA20783",0,0,0,-9
"1062","NA20785","NA20785",0,0,0,-9
"1063","NA20786","NA20786",0,0,0,-9
"1064","NA20787","NA20787",0,0,0,-9
"1065","NA20790","NA20790",0,0,0,-9
"1066","NA20792","NA20792",0,0,0,-9
"1067","NA20795","NA20795",0,0,0,-9
"1068","NA20796","NA20796",0,0,0,-9
"1069","NA20797","NA20797",0,0,0,-9
"1070","NA20798","NA20798",0,0,0,-9
"1071","NA20799","NA20799",0,0,0,-9
"1072","NA20800","NA20800",0,0,0,-9
"1073","NA20801","NA20801",0,0,0,-9
"1074","NA20802","NA20802",0,0,0,-9
"1075","NA20803","NA20803",0,0,0,-9
"1076","NA20804","NA20804",0,0,0,-9
"1077","NA20805","NA20805",0,0,0,-9
"1078","NA20806","NA20806",0,0,0,-9
"1079","NA20807","NA20807",0,0,0,-9
"1080","NA20808","NA20808",0,0,0,-9
"1081","NA20809","NA20809",0,0,0,-9
"1082","NA20810","NA20810",0,0,0,-9
"1083","NA20811","NA20811",0,0,0,-9
"1084","NA20812","NA20812",0,0,0,-9
"1085","NA20813","NA20813",0,0,0,-9
"1086","NA20814","NA20814",0,0,0,-9
"1087","NA20815","NA20815",0,0,0,-9
"1088","NA20816","NA20816",0,0,0,-9
"1089","NA20818","NA20818",0,0,0,-9
"1090","NA20819","NA20819",0,0,0,-9
"1091","NA20826","NA20826",0,0,0,-9
"1092","NA20828","NA20828",0,0,0,-9
